{"Whisper noised":0.6961786150932312,"_wandb":{"runtime":166},"Generator disc":13.695119857788086,"Generator whis":0.6902559995651245,"_step":45,"Discriminator full":0.0001707756566702301,"Generator full":14.38537585735321,"Discriminator real":0.0001679875422269106,"_timestamp":1.7264462366488273e+09,"Whisper real":0.5735620856285095,"Discriminator noised":2.7881144433195004e-06,"_runtime":164.020893256,"Whisper full":1.2697407007217407}