{"Whisper full":1.3034417629241943,"Discriminator real":0,"Generator whis":0.6777085065841675,"Generator full":57.532666087150574,"_timestamp":1.7264460184822838e+09,"_runtime":790.924993243,"Generator disc":56.854957580566406,"Whisper real":0.5896369218826294,"_step":220,"Discriminator full":6.241739269342397e-26,"Discriminator noised":6.241739269342397e-26,"Whisper noised":0.7138048410415649,"_wandb":{"runtime":792}}