{"Generator full":0.8825564980506897,"Generator disc":0,"Discriminator real":0,"_wandb":{"runtime":26224},"Whisper noised":0.5872040390968323,"Generator whis":0.8825564980506897,"_runtime":26223.97670409,"Whisper full":0.6291205212473869,"_timestamp":1.7264445494778795e+09,"Discriminator noised":100,"Discriminator full":100,"Whisper real":0.04191648215055466,"_step":7117}