{"Whisper real":0.6086300611495972,"Generator disc":77.68230438232422,"Whisper noised":0.7100857496261597,"Generator full":62.28785276412964,"_step":125,"Discriminator noised":1.645902738820515e-34,"_wandb":{"runtime":451},"Whisper full":1.3187158107757568,"_runtime":450.699565461,"Discriminator full":0.00023133758804760873,"Generator whis":0.7100462913513184,"Discriminator real":0.00023133758804760873,"_timestamp":1.7264467650309203e+09}