{"Whisper full":1.2923960089683533,"Whisper real":0.5956268310546875,"_step":95,"Whisper noised":0.6967691779136658,"_timestamp":1.7264451721235888e+09,"_wandb":{"runtime":348},"Generator disc":100,"Generator full":100.69669198989868,"Discriminator noised":0,"Generator whis":0.6966919898986816,"Discriminator full":0.00013783841859549284,"Discriminator real":0.00013783841859549284,"_runtime":346.768496474}